{
    "setting": {},
    "condition": {
        "plugin": {
            "list": []
        },
        "game": {
            "list": []
        },
        "gamePlugin": {
            "list": []
        },
        "miniprogram": {
            "list": [
                {
                    "name": "pages/myself/myself",
                    "pathName": "pages/myself/myself",
                    "query": "",
                    "scene": null
                },
                {
                    "name": "pages/swiper/swiper",
                    "pathName": "pages/swiper/swiper",
                    "query": "",
                    "scene": null
                },
                {
                    "name": "pages/demo/demo",
                    "pathName": "pages/demo/demo",
                    "query": "",
                    "scene": null
                },
                {
                    "name": "pages/audio/audio",
                    "pathName": "pages/audio/audio",
                    "query": "",
                    "scene": null
                },
                {
                    "name": "pages/video/video",
                    "pathName": "pages/video/video",
                    "query": "",
                    "scene": null
                },
                {
                    "name": "pages/admin/index/index",
                    "pathName": "pages/admin/index/index",
                    "query": "",
                    "scene": null
                },
                {
                    "name": "pages/classify/classify",
                    "pathName": "pages/classify/classify",
                    "query": "",
                    "scene": null
                },
                {
                    "name": "pages/detail/detail",
                    "pathName": "pages/detail/detail",
                    "query": "",
                    "scene": null
                },
                {
                    "name": "pages/backstage/backstage/booksSearch/index",
                    "pathName": "pages/backstage/backstage/booksSearch/index",
                    "query": "",
                    "scene": null
                },
                {
                    "name": "pages/bookdetail/bookdetail",
                    "pathName": "pages/bookdetail/bookdetail",
                    "query": "id=2d44d6c26107e35601e47ede07992e60",
                    "scene": null
                },
                {
                    "name": "pages/feel/feel",
                    "pathName": "pages/feel/feel",
                    "query": "",
                    "scene": null
                },
                {
                    "name": "pages/collection/collection",
                    "pathName": "pages/collection/collection",
                    "query": "",
                    "scene": null
                },
                {
                    "name": "pages/admin/index/index",
                    "pathName": "pages/admin/index/index",
                    "query": "",
                    "scene": null
                },
                {
                    "name": "pages/backstage/backstage/booksSearch/index",
                    "pathName": "pages/backstage/backstage/booksSearch/index",
                    "query": "",
                    "scene": null
                },
                {
                    "name": "pages/bookdetail/bookdetail",
                    "pathName": "pages/bookdetail/bookdetail",
                    "query": "id=2d44d6c26107e35601e47ede07992e60",
                    "scene": null
                },
                {
                    "name": "pages/pldemo/pldemo",
                    "pathName": "pages/pinglundemo/pinglundemo",
                    "query": "",
                    "scene": null
                },
                {
                    "name": "pages/commentdetail/commentdetail",
                    "pathName": "pages/commentdetail/commentdetail",
                    "query": "",
                    "scene": null
                },
                {
                    "name": "pages/auth/auth",
                    "pathName": "pages/auth/auth",
                    "query": "",
                    "scene": null
                },
                {
                    "name": "pages/collection/collection",
                    "pathName": "pages/collection/collection",
                    "query": "",
                    "scene": null
                }
            ]
        }
    }
}